SNR,Accuracy
-20.0,0.10459873760144274
-18.0,0.09243697478991597
-16.0,0.12832477834811012
-14.0,0.1614654002713704
-12.0,0.22977201609298167
-10.0,0.3104875804967801
-8.0,0.46629986244841815
-6.0,0.5752330226364847
-4.0,0.7079407806191117
-2.0,0.8290960451977402
0.0,0.8756501182033097
2.0,0.8975650713685979
4.0,0.9176415535797847
6.0,0.9317765567765568
8.0,0.9264367816091954
10.0,0.9320344358858178
12.0,0.9346314325452016
14.0,0.9362084456424079
16.0,0.9334516415261757
18.0,0.9147045757441137
