SNR,Accuracy
-20.0,0.09422903516681695
-18.0,0.10971055088702147
-16.0,0.12599160055996267
-14.0,0.17005879692446857
-12.0,0.23781850692892267
-10.0,0.35234590616375344
-8.0,0.48097203117835857
-6.0,0.6369285397248113
-4.0,0.7200538358008075
-2.0,0.8375706214689266
0.0,0.8539007092198582
2.0,0.8929471032745592
4.0,0.885353299017314
6.0,0.9001831501831502
8.0,0.8832183908045977
10.0,0.8966923425464431
12.0,0.9031061659712564
14.0,0.8939802336028752
16.0,0.885980479148181
18.0,0.8898267436694802
