SNR,Accuracy
-20.0,0.09648331830477908
-18.0,0.10084033613445378
-16.0,0.13252449836677554
-14.0,0.1931252826775215
-12.0,0.24720607957085383
-10.0,0.35050597976080955
-8.0,0.5061898211829436
-6.0,0.6409232134931203
-4.0,0.7788245850157021
-2.0,0.8573446327683616
0.0,0.8789598108747045
2.0,0.9143576826196473
4.0,0.9138979878334114
6.0,0.9262820512820513
8.0,0.9154022988505747
10.0,0.915269596737653
12.0,0.9337042188224386
14.0,0.9227313566936208
16.0,0.9134871339840284
18.0,0.9124833407374501
